iso3,iso2,country,latitude,longitude,Data Centers,facility_count,Networks,Exchanges,population,GDP/Capita,Internet %,urban_pop_pct,Mobile/100,Footprint,footprint_carbon,footprint_cropland,footprint_grazing_land,footprint_forest_products,footprint_fishing_grounds,footprint_built_up_land,biocap_total_gha,biocap_cropland_gha,biocap_grazing_land_gha,biocap_forest_products_gha,biocap_fishing_grounds_gha,biocap_built_up_land_gha,biocap_per_capita_gha,Biocapacity,Balance
ABW,AW,Aruba,12.5,-69.96666666,,,,,108785,38590.56503,97.17,61.74852492,130.6479746,,,,,,,,,,,,,,,,
AFG,AF,Afghanistan,33,65,,,,,43844111,416.8711463,16.09499931,25.94016447,60.09908156,0.5456220154138989,0.11069771565554963,0.29100755946353324,0.092897197,0.035418416,0.000610095,0.014991032739317992,21845871.91,14616155.63,5731205.651,543130.9826,22801.119,932578.5197,0.49826239847866455,0.34611047088845026,-0.199511545
AGO,AO,Angola,-12.5,18.5,8,7,26,5,39040039,3129.476623,40.70479965,71.46159152,69.70394672,0.5001441083229233,,,,,,,48393902.79,,,,,,1.2395966814619421,0.8610671654985909,0.3609230571756675
AIA,AI,Anguilla,18.25,-63.16666666,,,,,,,,,,,,,,,,,,,,,,,,,
ALA,AX,Åland Islands,60.116667,19.9,,,,,,,,,,,,,,,,,,,,,,,,,
ALB,AL,Albania,41,20,6,6,19,1,2349580,12998.14787,85.86389923,58.87147433,89.13286039,1.5093126094171847,,,,,,,3075205.671,,,,,,1.3088320769897428,0.90916049,-0.600152119
AND,AD,Andorra,42.5,1.5,,,,,82904,54291.5026,94.39759827,88.94926723,155.6921087,,,,,,,,,,,,,,,,
ARE,AE,United Arab Emirates,24,54,15,11,136,9,11513149,50273.51262,100,85.96176413,203.2064103,,,,,,,,,,,,,,,,
ARG,AR,Argentina,-34,-64,69,65,536,33,45851378,14898.08859,89.66715228,92.35192216,140.234979,1.870345137763611,0.8142689138628596,0.39629487986525425,0.359946585,0.19564859991449582,0.068425997,0.035760162,223814795.1,75414655.82,51848951.08,26977283.88,67130157.2,2443747.165,4.881310113399558,3.3907285539902494,1.5203834162266383
ARM,AM,Armenia,40,45,9,6,3,0,3086700,9474.018493,81.33930206,65.92870156,134.8869475,,,,,,,,,,,,,,,,
ASM,AS,American Samoa,-14.33333333,-170,,,,,46029,18017.45894,,80.51235082,,,,,,,,,,,,,,,,,
ATA,AQ,Antarctica,-90,0,,2,0,2,,,,,,,,,,,,,,,,,,,,,
ATF,TF,French Southern and Antarctic Lands,-49.25,69.167,,,,,,,,,,,,,,,,,,,,,,,,,
ATG,AG,Antigua and Barbuda,17.05,-61.8,1,,,,94209,24819.24547,72.73040009,24.33348347,200.5407152,3.3073634656896678,2.3435800889576552,0.33435513467795797,0.2579620986418485,0.145786759,0.18601638887750271,0.039662996,88398.1961,5729.144497,1965.450293,6679.275329,68470.13694,5554.189044,0.9383200766841978,0.6517899094470013,-2.655573556
AUS,AU,Australia,-27,133,161,152,2133,131,27614411,65129.7228,96.13140106,87.71926727,112.581025,,,,,,,,,,,,,,,,
AUT,AT,Austria,47.33333333,13.33333333,55,56,507,26,9208163,62930.03513,91.92573373,69.71521524,124.4592998,3.6573424042473746,2.1133611563317514,0.6039387679386644,0.16451249893228634,0.6676959796430733,0.033549287368277676,0.074284714,25128259.73,5178857.688,1116774.344,17766393.9,48416.75113,1017817.042,2.7289112639044832,1.8955971099697986,-1.761745294
AZE,AZ,Azerbaijan,40.5,47.5,7,6,14,0,10246996,7410.722817,90.80000181,58.63710243,109.5431495,,,,,,,,,,,,,,,,
BDI,BI,Burundi,-3.5,30,2,1,0,0,14390003,233.8230134,8.595999718,25.68701847,63.16313658,0.4270826267970756,0.039288405342455424,0.12038053798636197,0.036459659,0.1335301311115951,0.002305257,0.095118636,5281988.384,2420301.832,735114.0073,95940.51201,76597.50915,1954034.524,0.36705957491557784,0.25497240551573547,-0.172110221
BEL,BE,Belgium,50.83333333,4,42,42,362,27,11941781,60750.27359,95.77579144,87.67260831,103.9046533,3.4189339248238246,1.7884388052261084,0.7807840395390672,0.2587227870350091,0.36111828652802214,0.075725762,0.15414424486472453,11544980.37,4456098.431,558682.9927,3351481.937,469331.6376,2709385.369,0.9667720724882326,0.6715536598233451,-2.747380265
BEN,BJ,Benin,9.5,2.25,1,,,,14814460,1658.273127,33.98379898,53.3620074,125.9408739,0.7349315965540459,0.21552366767035047,0.25736646531671986,0.033659601,0.1344976937826808,0.068678679,0.02520549,8467521.341,4912333.858,561907.4566,2239049.732,220487.5796,533742.7151,0.5715713796856429,0.3970334505942654,-0.337898146
BFA,BF,Burkina Faso,13,-2,3,3,8,3,24074580,1147.571316,28.25270081,28.92263607,116.5895933,0.8014111409843636,0.14775108521734323,0.3140819941199419,0.087318537,0.19230509803466342,0.039704553339778466,0.020249872921907486,18841518.03,10611563.06,2958691.676,4550180.491,21376.04906,699706.7466,0.7826312245997188,0.5436429931403143,-0.257768148
BGD,BD,Bangladesh,24,90,35,32,92,6,175686899,2597.343523,53.42171316,33.2395847,108.0770374,0.6137604107280048,0.2919160603757808,0.13454458329096713,0.007250203,0.054304570087432995,0.026462853,0.099282141,56160727.61,20119682.89,1566966.846,841058.7674,8086559.883,25546459.23,0.31966371954214756,0.222049588,-0.391710822
BGR,BG,Bulgaria,43,25,30,26,461,51,6433302,20328.16671,82.438955,74.17275018,118.0671528,,,,,,,,,,,,,,,,
BHR,BH,Bahrain,26,50.55,8,5,2,0,1600366,30596.57949,100,100,159.5361436,,,,,,,,,,,,,,,,
BHS,BS,Bahamas,24.25,-76,1,1,2,0,403033,39455.44665,92.47270203,81.3309172,96.67989922,,,,,,,,,,,,,,,,
BIH,BA,Bosnia and Herzegovina,44,18,1,1,2,1,3140095,10381.84607,86.10091103,52.69154408,121.232373,,,,,,,,,,,,,,,,
BLM,BL,Saint Barthélemy,18.5,-63.41666666,,1,4,1,,,,,,,,,,,,,,,,,,,,,
SHN,SH,"Saint Helena, Ascension and Tristan da Cunha",-15.95,-5.72,,,,,,,,,,,,,,,,,,,,,,,,,
BLR,BY,Belarus,53,28,2,1,2,0,9085991,10279.25472,94.26182128,79.49458204,131.1230166,2.7356271669486354,0.9484230019708939,0.7302026612693525,0.17041063273247922,0.8251903049865591,0.026938265931498943,0.0344623,32350401.63,12238600.42,3152311.787,16322542.82,165521.8733,471424.7308,3.5604703581777377,2.473227110887504,-0.262400056
BLZ,BZ,Belize,17.25,-88.75,,,,,422924,7865.479377,80.00582262,41.56214354,67.17502663,,,,,,,,,,,,,,,,
BMU,BM,Bermuda,32.33333333,-64.75,,,,,64555,142250.4332,98.37,100,96.67677455,,,,,,,,,,,,,,,,
BOL,BO,Bolivia,-17,-65,2,2,2,1,12581843,5147.81082,79.70469666,71.56310373,98.02879408,1.777751729314877,0.47763506964302016,0.14099897407908515,1.0132600375575003,0.12367628855012756,0.005072048,0.017109311863611087,162196258.6,9251265.79,22336676.41,129749569.1,544376.7162,314370.6468,12.891295705766556,8.954744409187388,7.1769926798725105
BES,BQ,Caribbean Netherlands,12.18,-68.25,,,,,,,,,,,,,,,,,,,,,,,,,
BRA,BR,Brazil,-10,-55,347,305,3386,189,212812405,10713.28569,84.46347227,88.17729965,101.9268465,1.6289521741628232,0.48898091591744003,0.30669861572673396,0.40983351531739737,0.33637857570639984,0.036468347,0.050592204,1724923455,174143637.7,172291302.2,1329409986,33048466.64,16030062.13,8.105370806914099,5.6302737579076245,4.001321583744801
BRB,BB,Barbados,13.16666666,-59.53333333,,,,,282623,28364.81815,70.36470032,59.69962399,114.580721,2.786984159754571,1.821636579365018,0.3565197854736823,0.18637316015658106,0.10350223690589863,0.22292716312783328,0.096025235,79174.85832,19883.26719,1225.057014,5323.323018,12058.55342,40684.65768,0.28014301143077736,0.1945971237212809,-2.592387036
BRN,BN,Brunei,4.5,114.6666667,4,1,1,1,466330,32234.64284,96.29828801,75.01098866,118.1305798,,,,,,,,,,,,,,,,
BTN,BT,Bhutan,27.5,90.5,3,3,2,1,796682,4492.784003,91.27739716,43.43018325,99.75768265,3.224283844440568,0.6344731022442969,0.36069178600629354,0.274341051,1.911605728063425,0.026736016714571893,0.016436160178860737,3695629.758,178337.3083,267641.8157,3222060.373,8194.152142,19396.10905,4.6387765234789535,3.222256248,-0.002027596
BVT,BV,Bouvet Island,-54.43333333,3.4,,,,,,,,,,,,,,,,,,,,,,,,,
BWA,BW,Botswana,-22,24,,1,1,1,2562122,7778.115109,57.45950036,67.95595615,163.9999223,1.558044889469416,,,,,,,7280655.926,,,,,,2.841650758880881,1.9739099022116917,0.4158650127422756
CAF,CF,Central African Republic,7,21,,,,,5513282,556.131398,13.78250027,44.55321567,38.8217901,1.3506787556383033,,,,,,,38315306.67,,,,,,6.949636653928659,4.827460434781089,3.4767816791427855
CAN,CA,Canada,60,-95,162,165,1277,99,41651653,55697.66397,94.353302,82.87570203,94.10597188,4.568951602126688,2.9221401382626815,0.5340833893834145,0.165277884,0.8173165098475769,0.064081176,0.066052505,540773529.5,88535218.65,11515104.05,313764666.3,123063150.7,3895389.834,12.983242933806444,9.018614166349359,4.449662564
CCK,CC,Cocos (Keeling) Islands,-12.5,96.83333333,,,,,,,,,,,,,,,,,,,,,,,,,
CHE,CH,Switzerland,47,8,78,74,767,67,9092436,114769.0123,97.32103855,85.72721578,129.4713696,2.6764957289043885,1.8290764113967515,0.32261508847084863,0.11425624037061881,0.2694630124475986,0.042947946,0.098137031,9522393.52,1145836.367,1168592.862,5838150.233,63453.73285,1306360.325,1.0472873847706818,0.7274824088778504,-1.94901332
CHL,CL,Chile,-30,-71,52,44,260,25,19859921,17994.5912,95.590243,89.177283,132.6604088,2.4123269593668826,1.0720665469470987,0.4444759585073182,0.27231341010115323,0.4895306284211637,0.094294281,0.039646134,61775298.06,7473568.674,4818217.585,41752468.67,6561444.426,1169598.71,3.1105510471634705,2.1606974376221375,-0.251629522
CHN,CN,China,35,105,41,24,57,6,1406585000,13861.97022,91.6,66.34299103,131.753932,2.3775154961334315,1.7026639242809385,0.2787591058900442,0.086677676,0.1574060790211361,0.052734906864850016,0.099273804,1149199188,385236415.7,145678764.2,342235353.7,59429915.93,216618738.4,0.8170136805858942,0.5675262483648927,-1.809989248
CIV,CI,Ivory Coast,8,-5,5,4,11,0,32711547,3050.102023,41.43219902,54.54895015,183.8759851,0.800374138,0.18557062874846136,0.31656061531147267,0.03537996,0.119514063,0.12211406830633716,0.021234802,43170208.04,27379940.22,11745625.06,2245491.01,806026.2334,993125.5195,1.3197238285025346,0.9167262814139072,0.11635214302779018
CMR,CM,Cameroon,6,12,7,5,21,3,29879337,1972.38158,46.25880051,55.66920417,108.2131302,0.7201428003593979,0.12721648857111897,0.3227190067595163,0.064881747,0.13000255527114893,0.048137407,0.027185595,39650504.45,13739345.21,2711804.473,20399583.34,1642277.985,1157493.449,1.3270208924779554,0.9217950770050403,0.20165227664564234
COD,CD,DR Congo,0,25,5,3,11,3,112832473,806.7760007,19.67350006,45.1135633,58.53215335,0.46189072809700416,0.054835177,0.13299858787955232,0.006893766,0.23864607001131172,0.012445065447078262,0.016072061457627438,178939552.6,19897569.34,22389785.26,131136082.3,2964617.723,2551498.003,1.5858870047864944,1.1016125231975153,0.6397217951005112
COG,CG,Congo,-1,15,3,3,3,1,6484437,2514.733936,47.25159836,64.12365348,95.53193206,0.6784569403884576,0.18071836635720698,0.2064291005692631,0.052265663,0.13485959804692002,0.09356082,0.010623391781209184,46450623.02,1028922.922,13064602.3,30760504.39,1498026.068,98567.34235,7.163401081437432,4.975948674893451,4.297491734504994
COK,CK,Cook Islands,-21.23333333,-159.7666667,,,,,,,,,,,,,,,,,,,,,,,,,
COL,CO,Colombia,4,-72,23,19,237,13,53425635,8561.620919,79.34543299,78.78279148,174.0942897,1.2761494835205158,0.4920798668166049,0.23859274624054874,0.4359534829350163,0.061641443026852205,0.02324356,0.024638384084918034,164487758.5,12919391.06,47812925.87,98671912.68,3149027.981,1934500.955,3.078817098751901,2.1386539282956987,0.8625044447751828
COM,KM,Comoros,-12.16666666,44.25,,,,,882847,2055.759216,32.51750183,33.94154748,109.8556304,,,,,,,,,,,,,,,,
CPV,CV,Cape Verde,16,-24,1,,,,527326,5796.472079,74.73519897,77.6300668,111.8406789,,,,,,,,,,,,,,,,
CRI,CR,Costa Rica,10,-84,8,6,4,1,5152950,19970.09891,87.17019653,79.7268138,136.0245112,1.772451165837334,0.7905261260826875,0.2931990383696603,0.13849925870131796,0.39086831120068777,0.093545458,0.065812973,7474898.509,1676167.14,1271512.535,3465221.872,557764.82,504232.1413,1.4506056743057198,1.0076413844198784,-0.764809781
CUB,CU,Cuba,21.5,-80,,,,,10937203,9605.279146,70.47699738,77.22707748,72.93000235,1.1760610420237225,,,,,,,11912984.86,,,,,,1.0892167643228712,0.756608021,-0.419453021
CUW,CW,Curaçao,12.116667,-68.933333,2,1,5,1,156263,22832.8955,68.12721625,91.4727715,93.79755915,,,,,,,,,,,,,,,,
CXR,CX,Christmas Island,-10.5,105.6666667,,,,,,,,,,,,,,,,,,,,,,,,,
CYM,KY,Cayman Islands,19.5,-80.5,,,,,75844,104292.9007,81.06769325,100,139.3149977,,,,,,,,,,,,,,,,
CYP,CY,Cyprus,35,33,2,2,4,2,1370754,41783.08984,89.60099246,66.69502707,156.2180257,2.6965778140198693,,,,,,,400438.5332,,,,,,0.2921301219502646,0.20292378950854337,-2.493654025
CZE,CZ,Czechia,49.75,15.5,32,32,349,23,10886878,35917.27241,87.68776014,72.87543671,126.6001631,3.3771216677518305,1.7821888421402439,0.6877129599872811,0.19707824776243912,0.5939572045157187,0.031807802,0.084376612,26788804.89,11087477.16,976790.1832,13295104.85,60712.25455,1368720.443,2.460650784614313,1.7092540082399217,-1.66786766
DEU,DE,Germany,51,9,330,323,4061,307,83491249,60496.43508,93.49999579,82.13822205,129.1509219,2.684286912977945,1.6206737211898146,0.5278156794949305,0.11375411937193695,0.2616315681539824,0.031639043,0.12877278129211872,134541971.6,45506598.89,7374296.519,59321107.93,6001645.46,16338322.83,1.6114499812106655,1.1193694597724897,-1.564917453
DJI,DJ,Djibouti,11.5,43,4,1,0,0,1184076,3905.604955,65.29889679,72.97586607,48.45048849,,,,,,,,,,,,,,,,
DMA,DM,Dominica,15.41666666,-61.33333333,,,,,65871,10989.04312,82.04689789,73.98616167,85.18989615,,,,,,,,,,,,,,,,
DNK,DK,Denmark,56,10,37,37,263,19,6009169,76970.15352,99.76915157,88.84584359,126.6865326,4.316528113009553,1.9225597618458252,0.7650166323796671,0.21687450957119947,0.7591300353653478,0.550156765,0.10279040907118563,22282593.55,8788513.645,243916.1057,2374464.056,9958185.52,917514.2276,3.708098998949322,2.575775122798668,-1.74075299
DOM,DO,Dominican Republic,19,-70.66666666,4,4,30,3,11520487,11059.20815,91.0022446,72.51769406,93.7095829,1.6012905549333374,0.87639529,0.4077641346241661,0.089601683,0.10829085846055209,0.073370765,0.045867824,8335967.801,4303271.987,1170348.99,1827318.064,255078.4991,779950.2608,0.723577727,0.5026223706477619,-1.098668184
DZA,DZ,Algeria,28,3,,,,,47435312,6051.003227,77.4178009,75.81873581,115.4572786,,,,,,,,,,,,,,,,
ECU,EC,Ecuador,-2,-77.5,15,9,21,1,18289896,7125.276185,77.17273115,63.39181891,101.598265,,,,,,,,,,,,,,,,
EGY,EG,Egypt,27,30,6,6,32,3,118365995,3085.80712,74.64839935,42.90432049,97.1295066,0.9265131886472817,0.546867223,0.1899259071510549,0.02745562,0.068845222,0.021223401994975605,0.072195814,30093351.64,16050711.04,9232.609542,25337.89093,1599176.435,12408893.66,0.2542398400572707,0.17660387584834814,-0.749909313
ERI,ER,Eritrea,15,39,,,,,3607003,,14.34939957,34.54045043,59.12480822,0.49195851570941296,0.063907802,0.1126232579044292,0.21496829987599336,0.077027234,0.013311221087904312,0.0101207,6911487.015,398594.169,1117988.547,358792.2638,4983405.086,52706.94911,1.9161300988980685,1.3310109148072529,0.8390523990978399
ESH,EH,Western Sahara,24.5,-13,,,,,,,,,,,,,,,,,,,,,,,,,
ESP,ES,Spain,40,-4,71,68,823,67,49355143,38627.24721,95.7574516,80.5149251,130.2609973,2.141733738654834,1.0438773092896452,0.5299191157154034,0.10852185776718064,0.16326284169207012,0.26524850310057385,0.030904111089959996,58727660.84,27624044.94,6179707.869,19919513.13,2782436.303,2221958.595,1.189899517402466,0.8265457789621706,-1.31518796
EST,EE,Estonia,59,26,8,7,88,16,1366475,34417.63208,92.23796204,70.72085266,151.131825,4.403395699664761,1.9679288772290877,0.31780959456727914,0.11547906775684869,1.8447521905780053,0.10120404732596337,0.056221922,12423026.76,1429925.254,174009.7069,5169866.587,5533875.432,115349.7801,9.091294579,6.315130858,1.9117351578426787
ETH,ET,Ethiopia,8,38,2,2,3,0,135472051,932.7293528,21.94129944,24.10969521,65.08250919,0.6062529859094933,0.055713062638873115,0.18146342360956802,0.055348696016799606,0.24954769026691367,0.002745943,0.061434171,63755424.75,35094228.64,10740330.91,5780824.121,275783.097,11864257.99,0.4706168119651839,0.32690688058064604,-0.279346105
FIN,FI,Finland,64,26,37,34,285,34,5646436,56148.58095,93.72405196,74.52478443,125.8609548,,,,,,,,,,,,,,,,
FJI,FJ,Fiji,-18,175,,,,,933154,6642.004495,74.7052002,59.54445518,574.1523325,2.0829142493204613,,,,,,,2264629.044,,,,,,2.426854564347267,1.685777972828476,-0.397136276
FLK,FK,Falkland Islands,-51.75,-59,,,,,,,,,,,,,,,,,,,,,,,,,
FRA,FR,France,46,2,221,204,2611,117,68720337,48985.73078,88.65381638,78.84496506,116.6878004,3.0285747821592577,1.5485835751385535,0.7594797494016003,0.16775710553316067,0.3306229154171539,0.13062770249548514,0.091503734,166956089.9,73413280.37,11867703.56,65303629.46,7243080.152,9128396.321,2.429500452823871,1.6876158994096342,-1.340958883
FRO,FO,Faroe Islands,62,-7,,,,,54900,74175.27763,97.58195894,39.64332179,105.8043732,,,,,,,,,,,,,,,,
FSM,FM,Micronesia,6.91666666,158.25,1,,,,113683,4414.007371,39.52360153,22.48092906,19.98858305,,,,,,,,,,,,,,,,
GAB,GA,Gabon,-1,11.75,4,3,10,2,2593130,8263.033216,68.72090149,92.08766667,125.3371076,,,,,,,,,,,,,,,,
GBR,GB,United Kingdom,54,-2,246,211,2219,120,69487000,57601.96212,95.4720993,83.32360808,121.6433314,2.429786757888002,1.437174348670099,0.4453255678717803,0.14972694890628593,0.2255564341991408,0.060691407299403644,0.11131205094129398,74930385.44,26243436.59,8106740.146,10459087.96,18648293.02,11472827.73,1.0783367456301465,0.7490503797716341,-1.680736378
GEO,GE,Georgia,42,43.5,5,3,15,1,3935766,9691.534724,83.79855689,61.17813641,161.2017848,,,,,,,,,,,,,,,,
GGY,GG,Guernsey,49.46666666,-2.58333333,,,,,,,,,,,,,,,,,,,,,,,,,
GHA,GH,Ghana,8,-2,7,6,61,8,35064272,3257.15889,72.17569733,58.92468615,113.6479667,1.3180701353079343,0.2816524009603654,0.3753407470478383,0.054550906,0.4485982957278737,0.11003561610624901,0.047892169,34757389.76,20190850.74,4348821.993,6298081.743,1491321.861,2428313.428,0.9912480077384752,0.6885554996185258,-0.629514636
GIB,GI,Gibraltar,36.13333333,-5.35,,,,,40126,,94.44447158,100,97.60429684,,,,,,,,,,,,,,,,
GIN,GN,Guinea,11,-10,1,1,5,1,15099727,1877.254122,33.30469894,38.51653345,97.87949965,1.2221243908743415,0.13001508644764087,0.42827621805664784,0.31769672765632495,0.24542330542290194,0.089957001,0.010756052653735394,26723427.33,7827945.266,8429165.345,6819250.301,3414546.429,232519.9857,1.769795396122612,1.2293617174373987,0.007237327
GLP,GP,Guadeloupe,16.25,-61.583333,,1,4,0,,,,,,,,,,,,,,,,,,,,,
GMB,GM,Gambia,13.46666666,-16.56666666,1,,,,2822093,919.0604234,49.49430084,64.98848613,126.2437735,,,,,,,,,,,,,,,,
GNB,GW,Guinea-Bissau,12,-15,,,,,2249515,1123.7668,29.77739906,46.65103153,147.1976313,,,,,,,,,,,,,,,,
GNQ,GQ,Equatorial Guinea,2,10,1,1,1,0,1938431,6615.252452,63.29930115,71.57610285,49.53804868,,,,,,,,,,,,,,,,
GRC,GR,Greece,39,22,10,8,193,22,10413962,26948.00704,86.26968886,79.22460828,113.5976103,2.300539037743651,1.247299078840005,0.523841353,0.22694782579008593,0.2062734768447638,0.060552118,0.035625185,14161657.5,8125477.853,1093105.293,2457580.438,1937899.395,547594.5175,1.3598722077714418,0.9446147484075983,-1.355924289
GRD,GD,Grenada,12.11666666,-61.66666666,,,,,117303,12106.87901,70.16159821,36.67080643,95.75923978,2.4688956704982283,,,,,,,217013.966,,,,,,1.8500291213979096,1.285094866318303,-1.183800804
GRL,GL,Greenland,72,-40,,,,,56831,58498.9708,69.48246178,88.57401087,118.6372567,,,,,,,,,,,,,,,,
GTM,GT,Guatemala,15.5,-90.25,6,3,1,0,18687881,6598.18033,60.22140121,56.2972033,112.520863,,,,,,,,,,,,,,,,
GUF,GF,French Guiana,4,-53,,1,6,0,,,,,,,,,,,,,,,,,,,,,
GUM,GU,Guam,13.46666666,144.7833333,6,6,28,7,168999,41833.15171,80.50546556,94.21974634,,,,,,,,,,,,,,,,,
GUY,GY,Guyana,5,-59,,,,,835986,32413.79308,83.00080109,26.49138765,112.5650378,,,,,,,,,,,,,,,,
HKG,HK,Hong Kong,22.267,114.188,55,52,1036,43,7498900,56983.06631,95.75536971,100,364.848982,,,,,,,,,,,,,,,,
HMD,HM,Heard Island and McDonald Islands,-53.1,72.51666666,,,,,,,,,,,,,,,,,,,,,,,,,
HND,HN,Honduras,15,-86.5,1,,,,11005850,3598.214504,58.62269974,59.25170759,70.93974405,,,,,,,,,,,,,,,,
HRV,HR,Croatia,45.16666666,15.5,12,7,65,4,3876200,27103.91161,83.63240029,57.81445436,121.7325257,3.1500513344106937,1.8362614995761326,0.524593499,0.19253267353797263,0.4743692600499677,0.053634219014296734,0.068660183,9832897.479,2704001.528,529403.1288,4794012.352,1404054.778,401425.6924,2.5367363601365045,1.7621057073691548,-1.387945627
HTI,HT,Haiti,19,-72.41666666,,,,,11906095,2694.189691,47.8614006,55.61488559,65.18893293,0.4262511977474421,0.10817090342726335,0.17818169456611077,0.027600288,0.06140407,0.011137802656358045,0.039756439,2703404.654,1139290.483,464697.9486,285575.1556,119548.5742,694292.4929,0.22706056471091068,0.1577242015697796,-0.268526996
HUN,HU,Hungary,47,20,6,7,145,5,9514251,25907.47433,93.77898628,70.69368318,104.5806306,,,,,,,,,,,,,,,,
IDN,ID,Indonesia,-5,120,198,183,3906,205,285721236,5059.625964,72.78075544,59.3929064,122.5149465,1.1150984810418378,0.4979960408303505,0.2818733636445596,0.028512296180239947,0.071686401,0.1589796104694984,0.076050769,327604635.3,120513016.4,13783117.22,71037078.87,90180477.41,32090945.4,1.1465883314690233,0.7964603159532597,-0.318638165
IMN,IM,Isle of Man,54.25,-4.5,1,1,0,0,84118,90015.20742,,52.1358064,,,,,,,,,,,,,,,,,
IND,IN,India,20,77,235,202,2183,172,1463865525,2702.479871,70,35.68915577,79.35269218,0.7660954646215657,0.45339881184474135,0.15317175369381464,0.006399392,0.076216235,0.00983513,0.067074141,552231490.9,334372693,8784283.512,28692447.9,35633530.88,144748535.6,0.37724195391387544,0.2620454417324476,-0.504050023
IOT,IO,British Indian Ocean Territory,-6,71.5,,,,,,,,,,,,,,,,,,,,,,,,,
IRL,IE,Ireland,53,-8,26,23,293,22,5484367,131592.4625,97.18769836,64.58757938,112.6388173,,,,,,,,,,,,,,,,
IRN,IR,Iran,32,53,3,,,,92417681,3924.380178,85.3404007,77.37615309,174.066389,,,,,,,,,,,,,,,,
IRQ,IQ,Iraq,33,44,4,2,2,0,47020774,5409.678997,81.47450256,69.93967395,100.0802767,1.3917686683984027,,,,,,,13665597.95,,,,,,0.2906289450963015,0.2018810196158153,-1.189887649
ISL,IS,Iceland,65,-18,18,18,56,4,392404,98323.48495,98.209198,94.21793202,120.9275132,,,,,,,,,,,,,,,,
ISR,IL,Israel,31.47,35.13,21,18,88,4,10122800,60336.8478,88.18242225,91.57830609,177.3931048,2.6355770346426977,1.8257556116699818,0.3990125008728546,0.1530827476742714,0.1676751662085837,0.053061179581142946,0.036989828635861206,1839036.416,928263.3867,58319.48942,218708.3915,119939.0653,513806.0829,0.1816727008120342,0.1261962054885467,-2.509380829
ITA,IT,Italy,42.83333333,12.83333333,102,98,1245,71,58915656,43308.64031,89.2207202,69.6808618,132.5751417,2.7284423474763035,1.5348455855428134,0.48942434913812854,0.22352957944371402,0.3078821450907613,0.097572465,0.075188224,58109252.55,21479996.84,5211978.47,20948097.22,3751983.062,6717196.961,0.9863125778750049,0.6851271775952339,-2.04331517
JAM,JM,Jamaica,18.25,-77.5,,,,,2837077,8002.921041,90.10870361,59.42540518,117.6939076,1.3036646164419272,,,,,,,1480915.769,,,,,,0.5219864562184213,0.36259003029482517,-0.941074586
JEY,JE,Jersey,49.25,-2.16666666,,,,,,,,,,,,,,,,,,,,,,,,,
JOR,JO,Jordan,31,36,4,4,11,1,11520684,5347.777314,95.62244985,93.20851501,69.6426154,0.9266029124450664,0.5102226403170543,0.22928379299576102,0.066643187,0.079139486,0.013314115,0.027999691,1798279.217,995227.0594,120562.9146,182701.8342,19138.54901,480648.8602,0.1560913585930575,0.1084265113908137,-0.818176401
JPN,JP,Japan,36,138,112,57,1005,85,123366734,35951.04495,85.54153081,92.30014494,178.4324413,2.6738577309826854,1.899931730229108,0.2571460042131667,0.074425213,0.21092783128648523,0.154545367,0.076881586,82894271.93,10978293.14,1268506.851,43881252.59,12417257.18,14348962.17,0.6719337477661442,0.4667486580469701,-2.207109073
KAZ,KZ,Kazakhstan,48,68,6,7,17,2,20843754,14692.13318,93.39167254,62.38555695,127.0851512,,,,,,,,,,,,,,,,
KEN,KE,Kenya,1,38,14,11,411,21,57532493,2362.860912,34.97622513,32.21211929,126.477706,0.684067422,0.1635866529089504,0.18062804996428292,0.1209198765023139,0.14002329005701153,0.008241281,0.070668272,28915234.73,11545281.35,10114132.63,608623.9884,778592.6882,5868604.075,0.5025896362033069,0.3491163214023464,-0.334951101
KGZ,KG,Kyrgyzstan,41,75,1,1,1,0,7343064,3080.968938,92.0286026,34.74635373,107.4922951,,,,,,,,,,,,,,,,
KHM,KH,Cambodia,13,105,9,8,17,5,17847982,2872.429266,68.47530365,41.10561939,116.0919611,1.084470721673601,,,,,,,19215528.74,,,,,,1.076621925332203,0.7478592056781797,-0.336611516
KIR,KI,Kiribati,1.41666666,173,,,,,136488,2558.66636,89.44029999,63.38508578,53.52443539,,,,,,,,,,,,,,,,
KNA,KN,Saint Kitts and Nevis,17.33333333,-62.75,,,,,46922,25223.02576,76.88400269,31.89877131,118.8930237,,,,,,,,,,,,,,,,
KOR,KR,South Korea,37,127.5,46,36,186,19,51684564,36226.96636,97.89563777,81.17402633,172.5202412,3.504472774731916,2.487024998472866,0.4042062658433251,0.14548471626657059,0.13811409116406284,0.26934292854528064,0.060299774439812846,33613072.93,5051362.771,115872.1957,4569819.07,19193342.32,4682676.577,0.6503503237894664,0.4517560576445279,-3.052716717
UNK,XK,Kosovo,42.666667,21.166667,,,,,,,,,,,,,,,,,,,,,,,,,
KWT,KW,Kuwait,29.5,45.75,3,2,1,2,4865298,32312.312,100,100,167.684285,,,,,,,,,,,,,,,,
LAO,LA,Laos,18,105,3,1,0,0,7873046,2324.763531,65.59269714,40.3129835,64.75880669,0.6491089401180912,,,,,,,11856444.01,,,,,,1.505953860095521,1.0460881680925374,0.3969792279744462
LBN,LB,Lebanon,33.83333333,35.83333333,3,2,1,1,5849421,4473.271344,80.63400269,90.96023143,74.01483404,1.5001508367576786,,,,,,,1904762.621,,,,,,0.32563267727426354,0.22619583499012139,-1.273955002
LBR,LR,Liberia,6.5,-9.5,,,,,5731206,915.3289726,32.23360062,56.08197472,32.06388856,1.0115541479622292,,,,,,,14319792.86,,,,,,2.4985653731483217,1.7355908061422212,0.724036658
LBY,LY,Libya,25,17,,,,,7458555,6448.824151,81.95449829,87.9112413,192.9730938,,,,,,,,,,,,,,,,
LCA,LC,Saint Lucia,13.88333333,-60.96666666,,,,,180149,14745.81843,68.20500183,29.09657113,98.66764365,1.8277931121521918,,,,,,,75836.00338,,,,,,0.42096266633612955,0.2924153761490276,-1.535377736
LIE,LI,Liechtenstein,47.26666666,9.53333333,4,4,6,2,41024,220167.2255,98.2641983,14.6298999,128.9014296,,,,,,,,,,,,,,,,
LKA,LK,Sri Lanka,7,81,1,1,0,0,21756000,5002.079044,54.59,20.45013552,132.548743,0.8290629957531435,0.2928449357671754,0.21202095463268794,0.006219362,0.089303353,0.11499864904752617,0.11367574109748027,12611907.59,5915741.74,421825.0297,939365.3815,1416311.046,3918664.394,0.5796979036013054,0.402678418,-0.426384578
LSO,LS,Lesotho,-29.5,28.5,,,,,2363325,1088.962762,51.79660034,44.66958558,70.32804931,,,,,,,,,,,,,,,,
LTU,LT,Lithuania,56,24,12,11,49,7,2888774,32958.67064,89.16116293,69.08163814,138.7288352,3.5991944330313723,1.3239374064226441,0.8794997045823774,0.22050754529003025,0.9365907243935429,0.1716167282817787,0.067042324,15323236.82,7046912.361,657845.8154,6402721.275,928614.9983,287142.3681,5.304408312,3.684627345562708,0.085432913
LUX,LU,Luxembourg,49.75,6.16666666,16,15,166,14,686970,147252.1791,99.12902211,94.88417296,144.4749496,7.088216465501351,5.24994861,0.5496490303522596,0.35887868063258055,0.7733953678845992,0.083261831,0.073082945,812406.1652,220394.346,85622.15177,432893.5157,553.6396708,72942.51202,1.1825933667991528,0.8214706714818236,-6.266745794
LVA,LV,Latvia,57,25,11,9,63,14,1847785,26311.97307,92.70757011,68.63257198,121.2622024,4.344295960909833,,,,,,,16555202.03,,,,,,8.959485019008866,6.223571332,1.8792753708127972
MAC,MO,Macau,22.16666666,113.55,1,,,,685900,75901.74613,89.82640076,100,201.1369474,,,,,,,,,,,,,,,,
MAF,MF,Saint Martin,18.08333333,-63.95,1,,,,24941,21668.37765,,100,,,,,,,,,,,,,,,,,
MAR,MA,Morocco,32,-5,4,2,3,1,38430770,4672.468262,91.2,63.12786123,153.0572601,,,,,,,,,,,,,,,,
MCO,MC,Monaco,43.73333333,7.4,,,,,38341,288001.5749,99.04489899,100,107.4007921,,,,,,,,,,,,,,,,
MDA,MD,Moldova,47,29,5,5,12,4,2360527,8621.717216,77.3687973,43.73362404,120.0834871,,,,,,,,,,,,,,,,
MDG,MG,Madagascar,-20,47,1,1,0,1,32740678,599.2652943,18.67790031,32.90170708,75.45629667,0.4700575393857662,0.064082269,0.10864113676094321,0.12474608756687053,0.13607826687161292,0.013783146354045026,0.022726632907601685,56547100.06,4857589.941,28588728.67,17402296.57,4634558.326,1063926.552,1.727120619,1.1997183262932973,0.7296607869075311
MDV,MV,Maldives,3.25,73,1,1,2,1,529676,14614.72081,85.23999786,42.5061568,148.1370749,,,,,,,,,,,,,,,,
MEX,MX,Mexico,23,-102,54,48,283,13,131946900,13889.23396,83.12233799,80.04089306,116.4867133,1.7487461654755403,0.9801075715298299,0.3634327625245579,0.13785298038747698,0.17477196680193618,0.064669253,0.027911632,154148008.4,50459265.26,27109294.19,55036696.2,16108521.03,5434231.69,1.1682579004686204,0.8115127556984625,-0.93723341
MHL,MH,Marshall Islands,9,168,,,,,36282,8489.057935,65.915802,79.10550309,39.70606582,,,,,,,,,,,,,,,,
MKD,MK,North Macedonia,41.83333333,22,5,4,8,3,1820909,10489.92554,93.1,62.89098578,108.3871226,2.139672255520656,,,,,,,3131736.084,,,,,,1.7198751196992765,1.1946853492576672,-0.944986906
MLI,ML,Mali,17,-4,2,1,1,0,25198821,1193.27601,36.80149841,32.21271372,112.1198528,0.7782390558408154,0.1518433930095675,0.2651522346995113,0.23816955231698414,0.082344496,0.028650298523340462,0.012079081780720091,32053966.68,10619852.2,10317895.97,9972833.94,712534.9688,430849.5965,1.2720423180718177,0.8836050383134114,0.10536598247259599
MLT,MT,Malta,35.83333333,14.58333333,,,,,579704,47906.90001,93.86029816,95.68058566,142.0700621,3.256675817,,,,,,,227158.4499,,,,,,0.39185247977288584,0.2721944234746581,-2.984481393
MMR,MM,Myanmar,22,98,8,7,10,2,54850648,1488.875278,45.4477005,30.58369155,114.3290421,0.7610948627487372,0.1859562251150299,0.282844544,0.007001276,0.218107985,0.027075688793471157,0.040109143,73288101.51,28486066.21,387747.1868,26431528.78,14724460.35,3258298.986,1.3361392103644627,0.9281289791960257,0.1670341164472885
MNE,ME,Montenegro,42.5,19.3,,,,,623129,14816.83803,88.88258428,65.60850835,221.6873225,3.118638052182945,1.6898168787607923,0.3487797437815534,0.2874322517798118,0.6780073521582608,0.055476092,0.059125734,1670349.231,23479.60052,208874.6843,1228463.439,153318.3677,56213.13941,2.680583363558894,1.8620268618500657,-1.25661119
MNG,MN,Mongolia,46,105,,,,,3568978,7108.227432,85.12349701,71.14507191,140.6700254,5.112452853903159,1.9072892519067781,0.18568798433762473,2.904775611,0.10407742435465948,0.004375561,0.006247021,43976699.97,1102645.338,21223920.5,21417882.68,200078.5367,32172.91613,12.321930806950421,8.559243657297827,3.446790803394668
MNP,MP,Northern Mariana Islands,15.2,145.75,2,1,1,1,43541,23785.75459,,92.17653836,,,,,,,,,,,,,,,,,
MOZ,MZ,Mozambique,-18.25,35,7,5,12,0,35631653,626.9144192,20.52729988,37.20779449,49.5047697,0.4217157078944932,0.093383159,0.10473565345336616,0.023262142200973748,0.15550268439046597,0.027161332732503658,0.017670736,44019801.14,5388255.413,19473574.66,14168016.72,4098030.66,891923.6818,1.2354128263841253,0.8581609135808591,0.4364452056863659
MRT,MR,Mauritania,20,-12,,,,,5315065,2197.510463,45.77939987,61.48881905,92.07489464,,,,,,,,,,,,,,,,
MSR,MS,Montserrat,16.75,-62.2,,,,,,,,,,,,,,,,,,,,,,,,,
MTQ,MQ,Martinique,14.666667,-61,,,,,,,,,,,,,,,,,,,,,,,,,
MUS,MU,Mauritius,-20.28333333,57.55,7,4,5,2,1243741,12991.2936,73.30793533,39.03696634,172.6835692,2.231659427769445,1.1106047427346157,0.3556205351367356,0.1832649443990914,0.095166638,0.4332612349306736,0.053741333,959311.1979,162619.5945,6735.333345,13342.60661,673902.6282,102711.0352,0.7713110670988453,0.5357796162226067,-1.695879812
MWI,MW,Malawi,-13.5,34,1,1,0,1,22216120,671.5068472,18.96159935,17.59498684,69.26053066,0.5414299656966326,0.051164042,0.22016035887756485,0.045670007284660384,0.10823876074391815,0.008879257,0.10731753984636595,13595314.09,7656170.211,1440458.544,237724.3016,862167.3123,3398793.719,0.6119571773721919,0.42508683671606745,-0.116343129
MYS,MY,Malaysia,2.5,112.5,44,30,258,31,35977838,13124.55542,98.0206059,77.39488123,139.6646513,2.7492214103965265,,,,,,,68553619.04,,,,,,1.9054402055922983,1.3235853414204104,-1.425636069
MYT,YT,Mayotte,-12.83333333,45.16666666,,,,,,,,,,,,,,,,,,,,,,,,,
NAM,NA,Namibia,-22,17,,1,2,0,3092816,4875.925582,64.87460327,50.86669844,85.16489881,,,,,,,,,,,,,,,,
NCL,NC,New Caledonia,-21.5,165.5,2,2,2,1,295333,29213.19232,82.0058408,68.17178883,91.67638956,,,,,,,,,,,,,,,,
NER,NE,Niger,16,8,,,,,27917831,775.3536221,15.55760002,18.37406972,60.59398621,0.839056139,0.056278022,0.3963859474325121,0.22592131869410378,0.13946127900852656,0.008340251,0.012669321180484718,25142863.64,14643468.76,9209454.217,781895.383,10688.02453,497357.2543,0.9006023297387824,0.6255898445896325,-0.213466295
NFK,NF,Norfolk Island,-29.03333333,167.95,,,,,,,,,,,,,,,,,,,,,,,,,
NGA,NG,Nigeria,10,8,18,17,291,11,237527782,1224.254102,41.21139908,63.77541805,70.76190578,0.5123367673982824,0.12732496138934074,0.17998748806608358,0.056755059,0.10105587150960084,0.019000637,0.028212750393477336,97768095.22,59104432.3,18828903.99,7125004.181,3061774.937,9647979.808,0.41160698927056205,0.2859165959791198,-0.226420171
NIC,NI,Nicaragua,13,-85,1,,,,7007502,3173.337248,61.39550018,59.4435893,105.9611431,,,,,,,,,,,,,,,,
NIU,NU,Niue,-19.03333333,-169.8666667,,,,,,,,,,,,,,,,,,,,,,,,,
NLD,NL,Netherlands,52.5,5.75,162,150,3447,282,18087633,73683.91713,97.00679779,95.93859035,128.5387659,,,,,,,,,,,,,,,,
NOR,NO,Norway,62,10,49,46,263,16,5610870,94594.19296,99,83.57057877,109.3486065,2.916229111661853,,,,,,,35991314.61,,,,,,6.414569328153762,4.455783975456809,1.5395548637949559
NPL,NP,Nepal,28,84,7,2,1,1,29618118,1535.877812,46.32189941,66.99942488,99.84714203,0.5827932647285914,0.1807166221878773,0.149140644,0.035355821,0.1258592454555756,0.00201136,0.089709572,12099898.52,3997150.097,1289112.503,2679622.664,136450.4465,3997562.812,0.40853029629200277,0.283779418,-0.299013847
NRU,NR,Nauru,-0.53333333,166.9166667,,,,,12025,14639.50469,83.01170349,100,87.17057876,,,,,,,,,,,,,,,,
NZL,NZ,New Zealand,-41,174,92,88,657,40,5324700,49591.04057,93.51930237,83.99785158,130.0934571,,,,,,,,,,,,,,,,
OMN,OM,Oman,21,57,5,2,6,0,5494691,19947.39662,95.25174678,79.47813833,120.6110509,3.5101107502450297,2.4063236820499805,0.2618337132375733,0.16553314144744763,0.054304181,0.45230133027302133,0.16981470269947066,7126893.649,476374.0189,138892.4204,4420.822228,5220489.755,1286716.632,1.2970508530861335,0.9009768405133436,-2.60913391
PAK,PK,Pakistan,30,70,19,17,24,3,255219554,1595.909123,57.253,39.5256011,76.85445596,0.4886636000664592,0.18834904720507917,0.19029864565538096,0.002659439,0.042970727,0.009213539,0.055172202,103563677.9,72289165.12,679731.0073,3844787.479,6258125.2,20491869.06,0.40578269278837464,0.2818708361461507,-0.206792764
PAN,PA,Panama,9,-80,9,7,24,0,4571189,19789.73086,72.77149963,66.15009994,156.5865076,,,,,,,,,,,,,,,,
PCN,PN,Pitcairn Islands,-25.06666666,-130.1,,,,,,,,,,,,,,,,,,,,,,,,,
PER,PE,Peru,-10,-76,15,15,153,12,34576665,9684.411703,81.95705992,85.59634848,124.6235444,1.5771584310149722,0.48890371459743176,0.41532250185784647,0.2893813946759875,0.10725589352021885,0.25827521832080436,0.018019708042681278,119302709.7,17028702.2,14721138.27,80689254.93,5948386.922,915227.3691,3.450382206686475,2.396756034466289,0.8195976034513166
PHL,PH,Philippines,13,122,25,23,374,45,116786962,4170.723473,67.26300914,55.77329076,115.2987496,0.9686690596644619,0.48617828173594796,0.21158388741131479,0.025824847,0.064477887,0.11403483562372337,0.066569321,50071238.3,22101644.11,1505423.521,8604596.099,6382289.572,11477285,0.42873996752381827,0.29781776128692095,-0.670851298
PLW,PW,Palau,7.5,134.5,,,,,17663,19532.35577,83.92549896,79.28359342,135.3866983,,,,,,,,,,,,,,,,
PNG,PG,Papua New Guinea,-6,147,2,,,,10762817,3019.530914,18.81159973,15.77974487,38.76517964,,,,,,,,,,,,,,,,
POL,PL,Poland,52,20,80,73,1357,88,36435861,28419.57774,88.58496367,60.08533303,138.0161566,2.893276341237074,1.5941454775547892,0.5694468690339485,0.02091298,0.5942710489643726,0.043118024,0.071381942,79981501.22,40992946.6,2814279.557,27906484.45,4115549.828,4152240.78,2.1951313629980445,1.5248149409407852,-1.3684614
PRI,PR,Puerto Rico,18.25,-66.5,11,11,58,3,3184835,40620.15269,87.29178106,94.34048366,126.4263754,,,,,,,,,,,,,,,,
PRK,KP,North Korea,40,127,,,,,26571036,,,64.18978583,24.13110412,,,,,,,,,,,,,,,,
PRT,PT,Portugal,39.5,-8,13,13,132,15,10804871,32081.81062,88.48704454,61.49531993,124.1299812,2.945318382980546,1.3882920644628955,0.6146821003181674,0.2943439983827265,0.3730389370645697,0.22219408154852163,0.052767201,16859870.75,4604984.671,1932881.653,8725174.662,770874.4664,825955.3023,1.560395376742175,1.0839051477000436,-1.861413235
PRY,PY,Paraguay,-23,-58,9,5,25,4,7013078,7026.619061,81.57806793,70.38976399,126.6054815,1.6252780745115822,,,,,,,61639080.69,,,,,,8.789162289867031,6.105259213115489,4.479981138603907
PSE,PS,Palestine,31.9,35.2,3,1,16,1,5413596,3171.108446,86.63765334,87.3818963,76.69188542,0.7575149093604582,0.47157869561870364,0.1396143357801255,0.070045022,0.014065713267360544,0.011729329247043452,0.050481814,922858.1649,343294.1577,123329.4924,17944.19599,28513.84409,409776.4746,0.17047045344127323,0.1184147330669046,-0.639100176
PYF,PF,French Polynesia,-15,-140,,,,,282465,22439.88387,72.70389531,61.75837665,118.777524,,,,,,,,,,,,,,,,
QAT,QA,Qatar,25.5,51.25,6,5,17,2,2972215,72524.90664,98.08540344,99.35934277,153.6124744,8.033474236,,,,,,,2596827.315,,,,,,0.873701033,0.6069032637704369,-7.426570972
REU,RE,Réunion,-21.15,55.5,,,,,,,,,,,,,,,,,,,,,,,,,
ROU,RO,Romania,46,25,44,44,304,39,19020271,22537.95321,91.29048551,52.1728885,119.8048623,2.0329224964198715,1.0915393003012503,0.3350204642320484,0.10292396297854142,0.42624238716174434,0.031221564,0.045974818,49302195.81,20724359.75,3761613.507,21569454.04,1927744.003,1319024.507,2.5920869271232254,1.8005541451043916,-0.232368351
RUS,RU,Russia,60,100,105,85,1002,116,143513328,17546.60938,94.36495368,75.25066366,186.1037873,3.570248773748286,2.2521645952726863,0.6124904196138928,0.039649592,0.46802421371005964,0.15245987097416555,0.045460082,1063164674,198215512.7,69160986.48,619892390.4,165973924.2,9921860.496,7.408125009079018,5.145942465,1.5756936917509137
RWA,RW,Rwanda,-2,30,5,3,0,0,14569341,1123.738746,31.70330048,30.91338409,93.20146288,0.5653203184098333,0.11806174225148418,0.14982182828670174,0.025890303822646486,0.13509132663253376,0.018014728973995024,0.11844038844247178,5740963.556,2553554.31,552026.1651,95720.9371,59425.4164,2480236.727,0.3940441476065602,0.2737168325271176,-0.291603486
SAU,SA,Saudi Arabia,25,45,20,5,14,2,36973555,34536.65555,100,84.61231211,159.5413706,,,,,,,,,,,,,,,,
SDN,SD,Sudan,15,30,3,3,2,0,51662147,1164.539917,18.60000038,34.9349445,70.20840386,0.8749424174824187,0.097485832,0.15991342870443095,0.5143741631625119,0.09259448,0.000435644,0.010138869787740236,69651986.21,17268846.89,40528748.09,10051261.93,1041734.017,761395.2762,1.3482208977185985,0.9365213413570769,0.061578924
SEN,SN,Senegal,14,-14,1,2,3,1,18931966,1954.711742,60.11780167,55.76724945,123.8944537,1.0562548010132586,,,,,,,17561992.37,,,,,,0.9276370120799287,0.6443690795148111,-0.411885721
SGP,SG,Singapore,1.36666666,103.8,46,46,1129,66,6111175,98813.97882,94.37757178,100,170.782563,,,,,,,,,,,,,,,,
SGS,GS,South Georgia,-54.5,-37,,,,,,,,,,,,,,,,,,,,,,,,,
SJM,SJ,Svalbard and Jan Mayen,78,20,,,,,,,,,,,,,,,,,,,,,,,,,
SLB,SB,Solomon Islands,-8,159,1,,,,838645,2086.189559,29.04070091,31.30931903,62.07349955,,,,,,,,,,,,,,,,
SLE,SL,Sierra Leone,8.5,-11.5,2,2,10,3,8819794,846.2961725,25.10499954,45.92677814,107.8820009,0.6748440312718863,,,,,,,6784592.216,,,,,,0.7692461088963178,0.5343452241070789,-0.140498807
SLV,SV,El Salvador,13.83333333,-88.91666666,1,,,,6365503,5766.72574,66.47769928,75.52371232,176.5174238,1.5126269142129845,,,,,,,3407558.058,,,,,,0.5353163854673731,0.37184946488862786,-1.140777449
SMR,SM,San Marino,43.76666666,12.41666666,,,,,34109,59871.32881,97.35220337,97.18702542,120.2698739,,,,,,,,,,,,,,,,
SOM,SO,Somalia,10,49,2,1,1,0,19654739,661.1738777,27.94020081,55.13990629,53.95796469,0.5730223753913932,0.024289821,0.096851537,0.18977061742583134,0.25568880502696767,0.002751523,0.003670071,11863940.76,813302.4322,5646080.946,1972657.556,3330790.065,101109.7627,0.603617314,0.4192936761959389,-0.153728699
SPM,PM,Saint Pierre and Miquelon,46.83333333,-56.33333333,,,,,,,,,,,,,,,,,,,,,,,,,
SRB,RS,Serbia,44,21,10,10,58,9,6549143,15262.04642,87.69071294,62.63798728,123.822195,2.830601868439343,1.4936519077408854,0.7772547918609366,0.050291919615347624,0.40516099857699744,0.033822126007508745,0.070420125,14312901.63,9272996.904,246251.5183,4045825.351,32064.0736,715763.7839,2.1854617667076592,1.5180981015092225,-1.312503767
SSD,SS,South Sudan,7,30,1,,,,12188788,,6.671000004,21.6843599,46.61523695,,,,,,,,,,,,,,,,
STP,ST,São Tomé and Príncipe,1,7,,,,,240254,4084.400621,59.11759949,69.17218654,62.43674003,,,,,,,,,,,,,,,,
SUR,SR,Suriname,4,-56,2,2,0,0,639850,7069.872309,87.4,65.78868364,142.1226264,,,,,,,,,,,,,,,,
SVK,SK,Slovakia,48.66666666,19.5,6,5,100,15,5413813,28543.66534,89.82507032,53.1940342,139.9676761,2.842133029589148,1.624283948725575,0.5998700373590253,0.13991690574575033,0.37503079826527186,0.029100929,0.07393041,15240446.79,5331935.3,496635.0857,8765837.697,33845.41102,612193.2916,2.8151040284298148,1.9554696157180267,-0.886663414
SVN,SI,Slovenia,46.11666666,14.81666666,10,11,36,6,2130986,37376.22161,90.76355487,55.99069978,130.8609018,3.4571839657575016,2.063273827517419,0.5059378404524101,0.13659948112383802,0.6638713903122014,0.032887872,0.054613554,5159958.124,671507.6185,336239.9179,3968016.755,10578.7543,173615.0788,2.4213946615249844,1.681985333563311,-1.775198632
SWE,SE,Sweden,62,15,57,49,617,105,10596620,63133.21267,95.76629783,89.07786778,140.686673,3.4380599262046254,1.5561418856127294,0.5345518653424114,0.20723853715379184,0.9876776892771943,0.066480423,0.085969526,87539297.12,5343542.763,1070387.443,59271328.29,20492789.03,1361249.601,8.261058443023625,5.738419829555624,2.3003599033509983
SWZ,SZ,Eswatini,-26.5,31.5,,,,,1256174,4108.252211,63.40309906,26.72137097,139.8334597,1.3287899364630922,,,,,,,976945.7497,,,,,,0.7777153082913522,0.540228226,-0.788561711
SXM,SX,Sint Maarten,18.033333,-63.05,1,,,,43923,42978.13174,,100,205.3726951,,,,,,,,,,,,,,,,
SYC,SC,Seychelles,-4.58333333,55.66666666,,,,,122730,19449.38363,87.81800079,45.48283907,125.6168627,,,,,,,,,,,,,,,,
SYR,SY,Syria,35,38,,,,,25620427,1056.782647,33.77000046,72.08362862,71.22314245,0.5827383053212312,0.27768033042515355,0.22898194635340827,0.039051422,0.014348378889627512,0.002493969,0.020182258620664716,12128865.57,8246918.284,2108743.099,978307.4215,80299.38755,714597.3763,0.47340606651196326,0.32884439424324863,-0.253893911
TCA,TC,Turks and Caicos Islands,21.75,-71.58333333,,,,,46855,37506.77984,,94.39594507,,,,,,,,,,,,,,,,,
TCD,TD,Chad,15,19,1,,,,21003705,1022.335594,12.62689972,27.56587863,72.92897826,0.8479511435904713,0.057638191,0.1568541769424858,0.4863174842330317,0.13173619835676142,0.004610674,0.010794419305729044,24045992.58,4828640.26,14153943.02,3866922.97,883543.3614,312942.9742,1.1448452824214823,0.7952495331840439,-0.05270161
TGO,TG,Togo,8,1.16666666,1,,,,8591626,1383.899749,39.48320007,44.39498921,80.80355548,0.7603087669828608,0.19547275323951208,0.2195268768999629,0.073298247,0.20260827740461695,0.050678146,0.018724465877867386,4966225.456,2667126.638,997763.0098,900367.7898,139526.8097,261441.2079,0.5780309170280677,0.4015204709235828,-0.358788296
THA,TH,Thailand,15,100,39,32,368,49,71619863,8056.563598,90.86718789,62.79933771,160.6393123,1.6870883730450144,1.155827468408489,0.261519803,0.017380758,0.067536745,0.12863099195378414,0.056192607,80524989.92,43287139.1,2633912.802,15828282.43,12729324.79,6046330.798,1.1243387873902693,0.781005005,-0.906083368
TJK,TJ,Tajikistan,39,71,,1,3,0,10786734,1637.254294,55.79339981,26.16476271,76.21589215,0.7008937662396219,,,,,,,4769556.434,,,,,,0.44216872632985754,0.30714584634410536,-0.39374792
TKL,TK,Tokelau,-9,-172,,,,,,,,,,,,,,,,,,,,,,,,,
TKM,TM,Turkmenistan,40,60,,,,,7618847,6540.178764,17.99029922,47.10536083,88.19293679,3.088156372763934,,,,,,,14941330.39,,,,,,1.9611012519551712,1.362249448978233,-1.725906924
TLS,TL,Timor-Leste,-8.83333333,125.9166667,,,,,1418517,1340.964019,35.04199982,28.7864319,116.3823915,0.6112905280234066,,,,,,,2080752.208,,,,,,1.466850385008858,1.018925528051982,0.40763500002857544
TON,TO,Tonga,-20,-175,,,,,103742,6547.186468,67.4417038,21.15614062,61.72578588,2.491988126022683,,,,,,,153618.1996,,,,,,1.4807715250853173,1.0285956383430233,-1.463392488
TTO,TT,Trinidad and Tobago,11,-61,5,5,10,2,1367764,18967.27046,82.15989685,53.96960874,118.7866681,,,,,,,,,,,,,,,,
TUN,TN,Tunisia,34,9,2,2,0,0,12348573,4656.638184,76.5,70.7029326,117.6068161,1.1186648531755483,,,,,,,8954192.548,,,,,,0.7251196189401496,0.5036934224378871,-0.614971431
TUR,TR,Türkiye,39,35,48,41,379,45,85878556,18599.44209,89.77024003,89.49406,107.8268757,2.1583595071534476,1.2296367386335314,0.6013543136004167,0.082215946,0.19803080002085768,0.015525046458777895,0.031596663,132675333.8,69218328.96,8576015.863,47502346.41,3240669.056,4137973.535,1.5449180797661641,1.0731540764556482,-1.085205431
TUV,TV,Tuvalu,-8,178,,,,,9492,6041.449086,35.20000076,65.44807095,98.85908727,,,,,,,,,,,,,,,,
TWN,TW,Taiwan,23.5,121,,19,276,14,,,,,,,,,,,,,,,,,,,,,
TZA,TZ,Tanzania,-6,35,15,11,46,2,70545865,1318.819214,31.16209984,36.88331159,126.5591632,0.6932090847548494,0.12820263878862936,0.18732317532706863,0.1618386036249041,0.12154639679928432,0.053870827543059635,0.040427443,53051861.05,22404637.17,16287007.83,7472860.105,2845840.114,4041515.825,0.7520194281040569,0.5223789697417903,-0.170830115
UGA,UG,Uganda,1,32,2,2,12,2,51384894,1206.304508,8.949831061,31.93995575,83.16503147,0.7425293323914562,0.090268542,0.1382448914772415,0.08164612,0.2937208079100997,0.047705636,0.090943335,26522768.09,11945293.12,6102171.692,373177.1355,1461765.489,6640360.655,0.5161588558367893,0.35854197545786615,-0.383987357
UKR,UA,Ukraine,49,32,56,42,556,71,38980376,5865.884766,82.47489929,69.59549246,133.3801281,,,,,,,,,,,,,,,,
UMI,UM,United States Minor Outlying Islands,19.3,166.633333,,,,,,,,,,,,,,,,,,,,,,,,,
URY,UY,Uruguay,-33,-56,1,1,2,0,3384688,25215.82382,91.99109007,95.65371921,145.5017557,,,,,,,,,,,,,,,,
USA,US,United States,38,-97,1377,1355,12267,877,341784857,90026.5163,94.69380188,80.1921733,113.1904818,4.759257987983411,2.9663028708523935,0.8936436627528883,0.1995148809709404,0.5302274075025546,0.076879096,0.09269007,1279533251,548757362.2,87205778.7,493458002.1,102336095.3,47776012.82,3.7436803439443778,2.600491168217075,-2.15876682
UZB,UZ,Uzbekistan,41,64,7,5,2,2,37053428,3968.272008,89.50550079,51.01734951,110.4920186,1.5417442280631453,0.8775185589711963,0.3672054287668497,0.12286657674021538,0.055524071953327925,0.006550517,0.11207907455595806,29692317.62,16136992.43,5336243.562,1928041.179,294633.2096,5996407.239,0.8013379389505014,0.5566373305265867,-0.985106898
VAT,VA,Vatican City,41.9,12.45,,,,,,,,,,,,,,,,,,,,,,,,,
VCT,VC,Saint Vincent and the Grenadines,13.25,-61.2,,,,,99924,12561.76917,76.19010162,47.98104804,108.3545361,,,,,,,,,,,,,,,,
VEN,VE,Venezuela,8,-66,7,7,31,2,28516896,3494.813887,76.67890167,89.32191123,71.00759172,1.3303823693424117,0.5962086376286719,0.21644851040709712,0.396916773,0.065511125,0.03775671,0.017540613,82697055.91,6108911.451,16995145.04,51768428.32,7079626.359,744944.7359,2.8999318829753595,2.0143940073053894,0.6840116379629777
VGB,VG,British Virgin Islands,18.431383,-64.62305,,,,,39732,,77.70426829,57.39519098,93.13166629,,,,,,,,,,,,,,,,
VIR,VI,United States Virgin Islands,18.35,-64.933333,,,,,103792,44320.90919,64.3774943,95.38857908,91.46196262,,,,,,,,,,,,,,,,
VNM,VN,Vietnam,16.16666666,107.8333333,14,13,54,1,101598527,5065.990919,84.15,38.82991604,127.6064717,1.5400250833853244,0.7620948255719501,0.3771797283299753,0.058287391,0.16166577012506575,0.046260248250343756,0.1345371204233723,91675068.53,40544097.95,776310.0509,15873662.42,14220636.54,20260361.57,0.902326749,0.626787686,-0.913237397
VUT,VU,Vanuatu,-16,167,1,1,2,1,335169,4038.735207,,22.32198888,89.29430821,,,,,,,,,,,,,,,,
WLF,WF,Wallis and Futuna,-13.3,-176.2,,,,,,,,,,,,,,,,,,,,,,,,,
WSM,WS,Samoa,-13.58333333,-172.3333333,,,,,219306,5872.783333,,17.50638741,62.39866952,1.5468423558375348,0.6897511830127235,0.2686174065463539,0.11084090188564709,0.14865026615496732,0.2658928829739084,0.063089715,295383.8529,57570.99847,2838.978835,204025.4358,10435.76235,20512.67744,1.3469027428758493,0.9356057049479864,-0.611236651
YEM,YE,Yemen,15,48,1,,,,41773878,633.8872025,17.49099922,37.03366646,50.89378106,0.3691566077340235,0.150921354,0.11460385231499423,0.053228335,0.011816535,0.024586157,0.014000373662576764,11629476.99,2174366.917,2820191.936,1028751.866,4778579.655,827586.6174,0.27839112737910515,0.19338020384950738,-0.175776404
ZAF,ZA,South Africa,-29,24,29,22,920,29,64747319,6597.714509,78.35759735,63.8154011,179.3363298,1.799882939030709,,,,,,,75011465.35,,,,,,1.1585261986426758,0.8047527755919807,-0.995130163
ZMB,ZM,Zambia,-15,30,5,1,1,0,21913874,1317.877716,17.10099983,45.91715102,108.7047799,0.7778945513012047,0.18838201001402605,0.11669593847470806,0.07493172,0.3507695586586766,0.029863071915632595,0.017252252445808143,31028575.76,4572181.172,13161505.83,12429874.7,328478.6206,536535.4465,1.4159329272486143,0.9835564828748848,0.20566193157368018
ZWE,ZW,Zimbabwe,-20,30,1,1,0,0,16950795,3021.430199,41.64279938,40.49512874,94.24517534,0.868099231,,,,,,,10430557.97,,,,,,0.6153432901624261,0.42743894896834195,-0.440660282
